"Name","LastWriteTime"
"amari.webp","10/02/2026 01:14:27"
"analcolici.webp","10/02/2026 00:12:12"
"birre.webp","10/02/2026 01:12:14"
"blue-cocktails-il-nodo.png","12/03/2026 02:28:13"
"bruschettone-macro.png","12/03/2026 00:53:25"
"caletta-sant-elia.png","12/03/2026 02:23:36"
"cocktail-2.png","12/03/2026 00:41:20"
"cocktail-basilico.png","12/03/2026 01:04:04"
"cocktail.webp","10/02/2026 00:55:57"
"cocktails.webp","10/02/2026 01:13:59"
"favicon.png","09/02/2026 19:20:37"
"gallery-1.webp","27/01/2026 10:38:36"
"gallery-2.webp","27/01/2026 10:38:36"
"gallery-3.webp","10/02/2026 01:11:35"
"gallery-5.webp","10/02/2026 00:37:51"
"gin-tonic-il-nodo.png","12/03/2026 02:31:54"
"golden-hour-dektop-il-nodo.png","12/03/2026 04:49:49"
"golden-hour-mobile-il-nodo.png","12/03/2026 04:50:06"
"hero-desktop.png","09/03/2026 03:52:38"
"hero-mobile.png","09/03/2026 01:54:37"
"il-nodo-cocktail-macro.png","12/03/2026 01:58:03"
"images_list.csv","13/03/2026 17:55:31"
"insalate.webp","10/02/2026 01:15:19"
"Logo.png","08/03/2026 03:18:06"
"overview-il-nodo.png","12/03/2026 01:50:46"
"overview.webp","10/02/2026 00:43:45"
"panini copy.webp","10/02/2026 01:15:58"
"panini.webp","10/02/2026 01:15:58"
"panorama.webp","10/02/2026 00:39:00"
"pink-sky-gallery-il-nodo.png","12/03/2026 02:02:12"
"social-preview.jpg","10/02/2026 00:53:44"
"softdrinks.webp","10/02/2026 01:13:38"
"spiaggia-sant-elia.png","12/03/2026 02:19:31"
"spiaggia.webp","10/02/2026 00:40:26"
"storytelling-golden-hour.png","12/03/2026 00:21:46"
"stuzzichini-e-taglieri.webp","10/02/2026 01:15:38"
"sunset-experience-bg.png","12/03/2026 04:05:43"
"terrazza-golen-hour-sant-elia.png","12/03/2026 02:15:00"
"tramonto-gallery.png","12/03/2026 01:47:00"
"vini.webp","10/02/2026 01:14:52"
